{
  "version": 1,
  "author": "Nasywa Aliya",
  "editor": "wokwi",
  "parts": [
    { "type": "board-esp32-devkit-c-v4", "id": "esp", "top": -48, "left": 14.44, "attrs": {} },
    {
      "type": "wokwi-dht22",
      "id": "dht1",
      "top": 9.9,
      "left": -178.2,
      "attrs": { "temperature": "37.9" }
    },
    {
      "type": "wokwi-lcd2004",
      "id": "lcd1",
      "top": 256,
      "left": -186.4,
      "attrs": { "pins": "i2c" }
    }
  ],
  "connections": [
    [ "esp:TX", "$serialMonitor:RX", "", [] ],
    [ "esp:RX", "$serialMonitor:TX", "", [] ],
    [ "dht1:GND", "esp:GND.1", "black", [ "v0" ] ],
    [ "lcd1:GND", "esp:GND.2", "black", [ "h-9.6", "v-38.4", "h336", "v-220.8" ] ],
    [ "lcd1:SDA", "esp:21", "green", [ "h-57.6", "v211.4", "h480", "v-441.6" ] ],
    [ "esp:22", "lcd1:SCL", "green", [ "h134.4", "v441.6", "h-470.4", "v-173.1" ] ],
    [ "dht1:VCC", "esp:3V3", "red", [ "h-48", "v-124.8", "h201.6", "v86.4" ] ],
    [ "lcd1:VCC", "esp:5V", "red", [ "h-28.8", "v-95.9" ] ],
    [ "dht1:SDA", "esp:4", "green", [ "v153.6", "h288.1", "v-76.8" ] ]
  ],
  "dependencies": {}
}